gene	start	stop	frame	contig	score	mmseqs_phrog	mmseqs_alnScore	mmseqs_seqIdentity	mmseqs_eVal	mmseqs_top_hit	pyhmmer_phrog	pyhmmer_bitscore	pyhmmer_evalue	custom_hmm_id	custom_hmm_bitscore	custom_hmm_evalue	phrog	Method	Region	color	annot	category	vfdb_hit	vfdb_alnScore	vfdb_seqIdentity	vfdb_eVal	vfdb_species	vfdb_short_name	vfdb_description	CARD_hit	CARD_alnScore	CARD_seqIdentity	CARD_eVal	CARD_species	ARO_Accession	CARD_short_name	Protein_Accession	DNA_Accession	AMR_Gene_Family	Drug_Class	Resistance_Mechanism	transl_table
YSJKSCWX_CDS_0001	3	347	+	MN270258	-273.3896980315375	No_PHROG	No_PHROG	No_PHROG	No_PHROG	No_PHROG	No_PHROGs_HMM	No_PHROGs_HMM	No_PHROGs_HMM	No_custom_HMM	No_custom_HMM	No_custom_HMM	No_PHROG	PHANOTATE_1.5.1	CDS	None	hypothetical protein	unknown function	None	None	None	None	None	None	None	None	None	None	None	None	None	None	None	None	None	None	None	11
YSJKSCWX_CDS_0002	355	486	+	MN270258	-0.2346678992730581	No_PHROG	No_PHROG	No_PHROG	No_PHROG	No_PHROG	No_PHROGs_HMM	No_PHROGs_HMM	No_PHROGs_HMM	No_custom_HMM	No_custom_HMM	No_custom_HMM	No_PHROG	PHANOTATE_1.5.1	CDS	None	hypothetical protein	unknown function	None	None	None	None	None	None	None	None	None	None	None	None	None	None	None	None	None	None	None	11
YSJKSCWX_CDS_0003	778	503	-	MN270258	-23.87379267148628	1268	67.0	0.507	3.694e-14	p9287 VI_06867	1268	53.240749	4.157583242401826e-14	No_custom_HMM	No_custom_HMM	No_custom_HMM	1268	PHANOTATE_1.5.1	CDS	#ffdf59	DNA polymerase	DNA, RNA and nucleotide metabolism	None	None	None	None	None	None	None	None	None	None	None	None	None	None	None	None	None	None	None	11
YSJKSCWX_CDS_0004	911	783	-	MN270258	-35.684613543252375	38371	102.0	1.0	5.811e-30	KC581799_p57	38371	104.713615	3.255815864559879e-30	No_custom_HMM	No_custom_HMM	No_custom_HMM	38371	PHANOTATE_1.5.1	CDS	#c9c9c9	hypothetical protein	unknown function	None	None	None	None	None	None	None	None	None	None	None	None	None	None	None	None	None	None	None	11
YSJKSCWX_CDS_0005	1128	901	-	MN270258	-481.9714606004968	27023	174.0	1.0	2.115e-54	KC581799_p56	27023	167.751144	8.401595975401665e-50	No_custom_HMM	No_custom_HMM	No_custom_HMM	27023	PHANOTATE_1.5.1	CDS	#c9c9c9	hypothetical protein	unknown function	None	None	None	None	None	None	None	None	None	None	None	None	None	None	None	None	None	None	None	11
YSJKSCWX_CDS_0006	1820	1131	-	MN270258	-756943.851005178	6201	103.0	0.427	1.556e-28	p89843 VI_01594	4	151.543289	6.296338884023073e-44	No_custom_HMM	No_custom_HMM	No_custom_HMM	6201	PHANOTATE_1.5.1	CDS	#a861e3	CI-like repressor	transcription regulation	None	None	None	None	None	None	None	None	None	None	None	None	None	None	None	None	None	None	None	11
YSJKSCWX_CDS_0007	3006	1945	-	MN270258	-47087414466.55909	No_PHROG	No_PHROG	No_PHROG	No_PHROG	No_PHROG	No_PHROGs_HMM	No_PHROGs_HMM	No_PHROGs_HMM	No_custom_HMM	No_custom_HMM	No_custom_HMM	No_PHROG	PHANOTATE_1.5.1	CDS	None	hypothetical protein	unknown function	None	None	None	None	None	None	None	None	None	None	None	None	None	None	None	None	None	None	None	11
YSJKSCWX_CDS_0008	3033	4145	+	MN270258	-517286277.2106124	116	159.0	0.383	1.1129999999999999e-45	p321505 VI_05690	116	280.689209	5.167105891404766e-83	No_custom_HMM	No_custom_HMM	No_custom_HMM	116	PHANOTATE_1.5.1	CDS	#838383	DNA methyltransferase	other	None	None	None	None	None	None	None	None	None	None	None	None	None	None	None	None	None	None	None	11
YSJKSCWX_CDS_0009	5318	4269	-	MN270258	-618419187839.8116	No_PHROG	No_PHROG	No_PHROG	No_PHROG	No_PHROG	No_PHROGs_HMM	No_PHROGs_HMM	No_PHROGs_HMM	No_custom_HMM	No_custom_HMM	No_custom_HMM	No_PHROG	PHANOTATE_1.5.1	CDS	None	hypothetical protein	unknown function	None	None	None	None	None	None	None	None	None	None	None	None	None	None	None	None	None	None	None	11
YSJKSCWX_CDS_0010	5299	5409	+	MN270258	-5.21226012366134	No_PHROG	No_PHROG	No_PHROG	No_PHROG	No_PHROG	No_PHROGs_HMM	No_PHROGs_HMM	No_PHROGs_HMM	No_custom_HMM	No_custom_HMM	No_custom_HMM	No_PHROG	PHANOTATE_1.5.1	CDS	None	hypothetical protein	unknown function	None	None	None	None	None	None	None	None	None	None	None	None	None	None	None	None	None	None	None	11
YSJKSCWX_CDS_0011	5412	7280	+	MN270258	-2.1025701153536344e+19	4031	946.0	0.75	3.712e-311	p115970 VI_05096	4031	996.861694	7.386036746883376e-300	No_custom_HMM	No_custom_HMM	No_custom_HMM	4031	PHANOTATE_1.5.1	CDS	#c9c9c9	hypothetical protein	unknown function	None	None	None	None	None	None	None	None	None	None	None	None	None	None	None	None	None	None	None	11
YSJKSCWX_CDS_0012	7643	7515	-	MN270258	-6.266838310495952	No_PHROG	No_PHROG	No_PHROG	No_PHROG	No_PHROG	No_PHROGs_HMM	No_PHROGs_HMM	No_PHROGs_HMM	No_custom_HMM	No_custom_HMM	No_custom_HMM	No_PHROG	PHANOTATE_1.5.1	CDS	None	hypothetical protein	unknown function	None	None	None	None	None	None	None	None	None	None	None	None	None	None	None	None	None	None	None	11
YSJKSCWX_CDS_0013	7683	8288	+	MN270258	-6977487.193802103	2513	45.0	0.206	6.775e-08	p146593 VI_05012	2513	80.888786	2.0221351513063606e-22	No_custom_HMM	No_custom_HMM	No_custom_HMM	2513	PHANOTATE_1.5.1	CDS	#c9c9c9	hypothetical protein	unknown function	None	None	None	None	None	None	None	None	None	None	None	None	None	None	None	None	None	None	None	11
YSJKSCWX_CDS_0014	10283	8328	-	MN270258	-3640520298261073.5	10285	279.0	0.444	1.426e-85	p32374 VI_00731	17	485.69812	7.884910207651248e-145	No_custom_HMM	No_custom_HMM	No_custom_HMM	10285	PHANOTATE_1.5.1	CDS	#ffdf59	DNA polymerase	DNA, RNA and nucleotide metabolism	None	None	None	None	None	None	None	None	None	None	None	None	None	None	None	None	None	None	None	11
YSJKSCWX_CDS_0015	10495	10331	-	MN270258	-15.564633915992951	2442	107.0	0.938	1.7640000000000001e-31	p79470 VI_05117	2442	108.341637	2.1045667524055315e-31	No_custom_HMM	No_custom_HMM	No_custom_HMM	2442	PHANOTATE_1.5.1	CDS	#c9c9c9	hypothetical protein	unknown function	None	None	None	None	None	None	None	None	None	None	None	None	None	None	None	None	None	None	None	11
YSJKSCWX_CDS_0016	11065	10517	-	MN270258	-614.2212632926711	112	82.0	0.326	1.877e-20	MF768469_p20	112	239.369797	1.0815217962597295e-70	No_custom_HMM	No_custom_HMM	No_custom_HMM	112	PHANOTATE_1.5.1	CDS	#ffdf59	Gp2.5-like ssDNA binding protein and ssDNA annealing protein	DNA, RNA and nucleotide metabolism	None	None	None	None	None	None	None	None	None	None	None	None	None	None	None	None	None	None	None	11
YSJKSCWX_CDS_0017	12191	11070	-	MN270258	-6784411502.431952	69	281.0	0.471	3.473e-86	NC_019519_p21	69	496.924835	1.5012845982213592e-148	No_custom_HMM	No_custom_HMM	No_custom_HMM	69	PHANOTATE_1.5.1	CDS	#ffdf59	exonuclease	DNA, RNA and nucleotide metabolism	None	None	None	None	None	None	None	None	None	None	None	None	None	None	None	None	None	None	None	11
YSJKSCWX_CDS_0018	12507	12184	-	MN270258	-895.5974727138973	408	118.0	0.568	1.64e-34	p272680 VI_04059	408	133.017761	1.1020748268727089e-38	No_custom_HMM	No_custom_HMM	No_custom_HMM	408	PHANOTATE_1.5.1	CDS	#c9c9c9	hypothetical protein	unknown function	None	None	None	None	None	None	None	None	None	None	None	None	None	None	None	None	None	None	None	11
YSJKSCWX_CDS_0019	12616	12482	-	MN270258	-75.36985710032275	3280	61.0	0.831	1.078e-15	p89952 VI_04942	3280	62.521317	5.823183119876626e-17	No_custom_HMM	No_custom_HMM	No_custom_HMM	3280	PHANOTATE_1.5.1	CDS	#c9c9c9	hypothetical protein	unknown function	None	None	None	None	None	None	None	None	None	None	None	None	None	None	None	None	None	None	None	11
YSJKSCWX_CDS_0020	12924	12835	-	MN270258	-1.3375700776391848	No_PHROG	No_PHROG	No_PHROG	No_PHROG	No_PHROG	No_PHROGs_HMM	No_PHROGs_HMM	No_PHROGs_HMM	No_custom_HMM	No_custom_HMM	No_custom_HMM	No_PHROG	PHANOTATE_1.5.1	CDS	None	hypothetical protein	unknown function	None	None	None	None	None	None	None	None	None	None	None	None	None	None	None	None	None	None	None	11
YSJKSCWX_CDS_0021	12926	15208	+	MN270258	-6.611607455251956e+17	1883	1470.0	0.922	0.0	p89953 VI_04942	1883	1352.327271	0.0	No_custom_HMM	No_custom_HMM	No_custom_HMM	1883	PHANOTATE_1.5.1	CDS	#ffdf59	DNA helicase	DNA, RNA and nucleotide metabolism	None	None	None	None	None	None	None	None	None	None	None	None	None	None	None	None	None	None	None	11
YSJKSCWX_CDS_0022	15304	15405	+	MN270258	-0.2866976305745268	No_PHROG	No_PHROG	No_PHROG	No_PHROG	No_PHROG	No_PHROGs_HMM	No_PHROGs_HMM	No_PHROGs_HMM	No_custom_HMM	No_custom_HMM	No_custom_HMM	No_PHROG	PHANOTATE_1.5.1	CDS	None	hypothetical protein	unknown function	None	None	None	None	None	None	None	None	None	None	None	None	None	None	None	None	None	None	None	11
YSJKSCWX_CDS_0023	15555	15836	+	MN270258	-968.9175739182176	93	81.0	0.454	3.916e-21	NC_028826_p5	93	108.970589	5.129605311469775e-31	No_custom_HMM	No_custom_HMM	No_custom_HMM	93	PHANOTATE_1.5.1	CDS	#ffdf59	endonuclease	DNA, RNA and nucleotide metabolism	None	None	None	None	None	None	None	None	None	None	None	None	None	None	None	None	None	None	None	11
YSJKSCWX_CDS_0024	15817	17193	+	MN270258	-25762059696.24625	62	276.0	0.391	3.556e-83	NC_028990_p38	62	583.185547	2.631188677525159e-174	No_custom_HMM	No_custom_HMM	No_custom_HMM	62	PHANOTATE_1.5.1	CDS	#ffdf59	DNA helicase	DNA, RNA and nucleotide metabolism	None	None	None	None	None	None	None	None	None	None	None	None	None	None	None	None	None	None	None	11
YSJKSCWX_CDS_0025	17186	17689	+	MN270258	-93009.4063287938	No_PHROG	No_PHROG	No_PHROG	No_PHROG	No_PHROG	36	61.078369	2.2886083759505417e-16	No_custom_HMM	No_custom_HMM	No_custom_HMM	36	PHANOTATE_1.5.1	CDS	#a861e3	transcriptional regulator	transcription regulation	None	None	None	None	None	None	None	None	None	None	None	None	None	None	None	None	None	None	None	11
YSJKSCWX_CDS_0026	17855	18070	+	MN270258	-142.86930572004914	2555	111.0	0.821	1.233e-32	p116029 VI_04972	2555	105.735405	5.454808636230694e-30	No_custom_HMM	No_custom_HMM	No_custom_HMM	2555	PHANOTATE_1.5.1	CDS	#c9c9c9	hypothetical protein	unknown function	None	None	None	None	None	None	None	None	None	None	None	None	None	None	None	None	None	None	None	11
YSJKSCWX_CDS_0027	18115	19152	+	MN270258	-373784327.65351593	1569	303.0	0.614	1.682e-95	p207769 VI_04062	1569	571.554565	1.4229533453995518e-171	No_custom_HMM	No_custom_HMM	No_custom_HMM	1569	PHANOTATE_1.5.1	CDS	#c9c9c9	hypothetical protein	unknown function	None	None	None	None	None	None	None	None	None	None	None	None	None	None	None	None	None	None	None	11
YSJKSCWX_CDS_0028	19154	19519	+	MN270258	-145.46349436189357	2323	104.0	0.644	1.9989999999999999e-29	p305521 VI_07356	144	128.9702	2.9639122758209178e-37	No_custom_HMM	No_custom_HMM	No_custom_HMM	2323	PHANOTATE_1.5.1	CDS	#ffdf59	HNH endonuclease	DNA, RNA and nucleotide metabolism	None	None	None	None	None	None	None	None	None	None	None	None	None	None	None	None	None	None	None	11
YSJKSCWX_CDS_0029	19644	19546	-	MN270258	-0.0878825579041549	No_PHROG	No_PHROG	No_PHROG	No_PHROG	No_PHROG	No_PHROGs_HMM	No_PHROGs_HMM	No_PHROGs_HMM	No_custom_HMM	No_custom_HMM	No_custom_HMM	No_PHROG	PHANOTATE_1.5.1	CDS	None	hypothetical protein	unknown function	None	None	None	None	None	None	None	None	None	None	None	None	None	None	None	None	None	None	None	11
YSJKSCWX_CDS_0030	19799	19906	+	MN270258	-0.0575299481347956	No_PHROG	No_PHROG	No_PHROG	No_PHROG	No_PHROG	No_PHROGs_HMM	No_PHROGs_HMM	No_PHROGs_HMM	No_custom_HMM	No_custom_HMM	No_custom_HMM	No_PHROG	PHANOTATE_1.5.1	CDS	None	hypothetical protein	unknown function	None	None	None	None	None	None	None	None	None	None	None	None	None	None	None	None	None	None	None	11
YSJKSCWX_CDS_0031	19954	20046	+	MN270258	-1.6685520881461513	No_PHROG	No_PHROG	No_PHROG	No_PHROG	No_PHROG	No_PHROGs_HMM	No_PHROGs_HMM	No_PHROGs_HMM	No_custom_HMM	No_custom_HMM	No_custom_HMM	No_PHROG	PHANOTATE_1.5.1	CDS	None	hypothetical protein	unknown function	None	None	None	None	None	None	None	None	None	None	None	None	None	None	None	None	None	None	None	11
YSJKSCWX_CDS_0032	20179	21507	+	MN270258	-479942701021.6556	498	494.0	0.643	1.225e-158	p48104 VI_12205	498	678.696289	1.6574371540058499e-203	No_custom_HMM	No_custom_HMM	No_custom_HMM	498	PHANOTATE_1.5.1	CDS	#838383	DNA methyltransferase	other	None	None	None	None	None	None	None	None	None	None	None	None	None	None	None	None	None	None	None	11
YSJKSCWX_CDS_0033	21504	22763	+	MN270258	-2614959274.411225	8411	453.0	1.0	9.971999999999999e-149	p93356 VI_05123	8411	419.103973	5.948075233096964e-126	No_custom_HMM	No_custom_HMM	No_custom_HMM	8411	PHANOTATE_1.5.1	CDS	#c9c9c9	hypothetical protein	unknown function	None	None	None	None	None	None	None	None	None	None	None	None	None	None	None	None	None	None	None	11
YSJKSCWX_CDS_0034	22857	23105	+	MN270258	-301.3232600848942	6231	129.0	0.76	1.747e-38	KX077896_p36	6231	113.141449	9.892028763616913e-33	No_custom_HMM	No_custom_HMM	No_custom_HMM	6231	PHANOTATE_1.5.1	CDS	#c9c9c9	hypothetical protein	unknown function	None	None	None	None	None	None	None	None	None	None	None	None	None	None	None	None	None	None	None	11
YSJKSCWX_CDS_0035	23107	23319	+	MN270258	-115.01137556998764	3782	125.0	0.905	1.157e-37	p149270 VI_05209	3782	121.818718	1.2731692409984814e-35	No_custom_HMM	No_custom_HMM	No_custom_HMM	3782	PHANOTATE_1.5.1	CDS	#c9c9c9	hypothetical protein	unknown function	None	None	None	None	None	None	None	None	None	None	None	None	None	None	None	None	None	None	None	11
YSJKSCWX_CDS_0036	23321	23551	+	MN270258	-112.40741624557047	4709	110.0	0.722	2.789e-32	p120166 VI_00035	4709	101.542572	3.873378615468307e-29	No_custom_HMM	No_custom_HMM	No_custom_HMM	4709	PHANOTATE_1.5.1	CDS	#c9c9c9	hypothetical protein	unknown function	None	None	None	None	None	None	None	None	None	None	None	None	None	None	None	None	None	None	None	11
YSJKSCWX_CDS_0037	23638	24075	+	MN270258	-1661.3405355008213	20620	229.0	1.0	2.528e-73	p119776 VI_04949	20620	210.555527	5.088288905707186e-63	No_custom_HMM	No_custom_HMM	No_custom_HMM	20620	PHANOTATE_1.5.1	CDS	#3e83f6	terminase small subunit	head and packaging	None	None	None	None	None	None	None	None	None	None	None	None	None	None	None	None	None	None	None	11
YSJKSCWX_CDS_0038	24072	25664	+	MN270258	-7468227865353.088	2699	321.0	0.479	1.062e-99	p400353 VI_01755	9	642.66803	2.8000823508748374e-192	No_custom_HMM	No_custom_HMM	No_custom_HMM	2699	PHANOTATE_1.5.1	CDS	#3e83f6	terminase large subunit	head and packaging	None	None	None	None	None	None	None	None	None	None	None	None	None	None	None	None	None	None	None	11
YSJKSCWX_CDS_0039	25735	25992	+	MN270258	-1474.8307661601332	2194	156.0	0.871	5.323e-48	p146946 VI_05019	2194	153.542786	2.779719983554506e-45	No_custom_HMM	No_custom_HMM	No_custom_HMM	2194	PHANOTATE_1.5.1	CDS	#c9c9c9	hypothetical protein	unknown function	None	None	None	None	None	None	None	None	None	None	None	None	None	None	None	None	None	None	None	11
YSJKSCWX_CDS_0040	25989	26360	+	MN270258	-4741.626434311089	577	162.0	0.655	3.275e-49	NC_005856_p101	577	158.167603	1.807617359326692e-46	No_custom_HMM	No_custom_HMM	No_custom_HMM	577	PHANOTATE_1.5.1	CDS	#ff59f5	Doc-like toxin	moron, auxiliary metabolic gene and host takeover	None	None	None	None	None	None	None	None	None	None	None	None	None	None	None	None	None	None	None	11
YSJKSCWX_CDS_0041	26501	27784	+	MN270258	-609316201295.5194	12	376.0	0.529	1.735e-117	p213127 VI_06558	12	515.724487	5.205708561434353e-154	No_custom_HMM	No_custom_HMM	No_custom_HMM	12	PHANOTATE_1.5.1	CDS	#3e83f6	portal protein	head and packaging	None	None	None	None	None	None	None	None	None	None	None	None	None	None	None	None	None	None	None	11
YSJKSCWX_CDS_0042	27777	28472	+	MN270258	-2327549.0586757176	94	241.0	0.654	8.914e-75	p350580 VI_04431	94	333.004669	1.39218768517054e-98	No_custom_HMM	No_custom_HMM	No_custom_HMM	94	PHANOTATE_1.5.1	CDS	#3e83f6	head maturation protease	head and packaging	None	None	None	None	None	None	None	None	None	None	None	None	None	None	None	None	None	None	None	11
YSJKSCWX_CDS_0043	28491	29696	+	MN270258	-2597243182.8011847	10	229.0	0.368	1.0599999999999999e-67	p205037 VI_04338	10	437.455322	3.054910520366093e-130	No_custom_HMM	No_custom_HMM	No_custom_HMM	10	PHANOTATE_1.5.1	CDS	#3e83f6	major head protein	head and packaging	None	None	None	None	None	None	None	None	None	None	None	None	None	None	None	None	None	None	None	11
YSJKSCWX_CDS_0044	29699	29956	+	MN270258	-438.79964717814414	40	59.0	0.366	1.314e-13	KY653124_p48	40	83.164131	3.2958280111467105e-23	No_custom_HMM	No_custom_HMM	No_custom_HMM	40	PHANOTATE_1.5.1	CDS	#35d7ff	head-tail adaptor Ad1	connector	None	None	None	None	None	None	None	None	None	None	None	None	None	None	None	None	None	None	None	11
YSJKSCWX_CDS_0045	29956	30294	+	MN270258	-79.90303262981807	25	81.0	0.441	2.522e-21	p259995 VI_06031	25	88.072723	2.0081938045451008e-24	No_custom_HMM	No_custom_HMM	No_custom_HMM	25	PHANOTATE_1.5.1	CDS	#35d7ff	head closure Hc1	connector	None	None	None	None	None	None	None	None	None	None	None	None	None	None	None	None	None	None	None	11
YSJKSCWX_CDS_0046	30287	30655	+	MN270258	-1018.3740242838468	No_PHROG	No_PHROG	No_PHROG	No_PHROG	No_PHROG	5	51.960449	1.6984500726245337e-13	No_custom_HMM	No_custom_HMM	No_custom_HMM	5	PHANOTATE_1.5.1	CDS	#35d7ff	tail completion or Neck1 protein	connector	None	None	None	None	None	None	None	None	None	None	None	None	None	None	None	None	None	None	None	11
YSJKSCWX_CDS_0047	30662	30988	+	MN270258	-745.8050309769015	No_PHROG	No_PHROG	No_PHROG	No_PHROG	No_PHROG	78	79.733025	4.53823890724324e-22	No_custom_HMM	No_custom_HMM	No_custom_HMM	78	PHANOTATE_1.5.1	CDS	#35d7ff	tail terminator	connector	None	None	None	None	None	None	None	None	None	None	None	None	None	None	None	None	None	None	None	11
YSJKSCWX_CDS_0048	30990	31559	+	MN270258	-21743.754607656367	88	110.0	0.334	1.956e-28	p59492 VI_05469	88	203.149017	1.1497403412133268e-59	No_custom_HMM	No_custom_HMM	No_custom_HMM	88	PHANOTATE_1.5.1	CDS	#07e9a2	major tail protein	tail	None	None	None	None	None	None	None	None	None	None	None	None	None	None	None	None	None	None	None	11
YSJKSCWX_CDS_0049	31571	31990	+	MN270258	-1019.7418204435425	709	102.0	0.494	1.91e-28	NC_009552_p14	709	176.93898	4.000637807025381e-52	No_custom_HMM	No_custom_HMM	No_custom_HMM	709	PHANOTATE_1.5.1	CDS	#c9c9c9	hypothetical protein	unknown function	None	None	None	None	None	None	None	None	None	None	None	None	None	None	None	None	None	None	None	11
YSJKSCWX_CDS_0050	32059	32154	+	MN270258	-3.13536709472324	3033	51.0	0.77	2.975e-12	NC_008376_p30	3033	44.806664	2.0691049818011564e-11	No_custom_HMM	No_custom_HMM	No_custom_HMM	3033	PHANOTATE_1.5.1	CDS	#c9c9c9	hypothetical protein	unknown function	None	None	None	None	None	None	None	None	None	None	None	None	None	None	None	None	None	None	None	11
YSJKSCWX_CDS_0051	32173	35031	+	MN270258	-2.877075804240505e+16	17020	246.0	0.645	2.282e-76	p388498 VI_05144	58	505.231415	1.3908198219341726e-150	No_custom_HMM	No_custom_HMM	No_custom_HMM	17020	PHANOTATE_1.5.1	CDS	#c9c9c9	hypothetical protein	unknown function	None	None	None	None	None	None	None	None	None	None	None	None	None	None	None	None	None	None	None	11
YSJKSCWX_CDS_0052	35028	35750	+	MN270258	-1279.0552764474503	No_PHROG	No_PHROG	No_PHROG	No_PHROG	No_PHROG	33	88.808128	8.636476787411284e-25	No_custom_HMM	No_custom_HMM	No_custom_HMM	33	PHANOTATE_1.5.1	CDS	#07e9a2	distal tail protein Dit	tail	None	None	None	None	None	None	None	None	None	None	None	None	None	None	None	None	None	None	None	11
YSJKSCWX_CDS_0053	35741	40297	+	MN270258	-7.26198903089546e+23	1330	560.0	0.412	7.502999999999999e-171	p386330 VI_04802	1330	1010.470276	2.935267389791375e-303	No_custom_HMM	No_custom_HMM	No_custom_HMM	1330	PHANOTATE_1.5.1	CDS	#07e9a2	tail protein	tail	None	None	None	None	None	None	None	None	None	None	None	None	None	None	None	None	None	None	None	11
YSJKSCWX_CDS_0054	40310	40516	+	MN270258	-91.25564887697644	1137	105.0	0.784	1.215e-30	p214091 VI_04633	1137	95.897408	2.209754055092751e-27	No_custom_HMM	No_custom_HMM	No_custom_HMM	1137	PHANOTATE_1.5.1	CDS	#c9c9c9	hypothetical protein	unknown function	None	None	None	None	None	None	None	None	None	None	None	None	None	None	None	None	None	None	None	11
YSJKSCWX_CDS_0055	40522	40890	+	MN270258	-620.6173204727386	1164	224.0	0.976	4.2420000000000005e-71	KJ417497_p60	1164	183.022736	2.3955807455546708e-54	No_custom_HMM	No_custom_HMM	No_custom_HMM	1164	PHANOTATE_1.5.1	CDS	#c9c9c9	hypothetical protein	unknown function	None	None	None	None	None	None	None	None	None	None	None	None	None	None	None	None	None	None	None	11
YSJKSCWX_CDS_0056	40868	41263	+	MN270258	-4444.156693395503	199	118.0	0.516	3.854e-33	p36952 VI_00613	21233	106.107971	1.4764367499873772e-30	No_custom_HMM	No_custom_HMM	No_custom_HMM	199	PHANOTATE_1.5.1	CDS	#f35f49	holin	lysis	None	None	None	None	None	None	None	None	None	None	None	None	None	None	None	None	None	None	None	11
YSJKSCWX_CDS_0057	41270	42739	+	MN270258	-80858385390.02568	2742	483.0	0.767	4.7429999999999997e-157	p57217 VI_05221	2742	484.565643	3.0294982986148764e-145	No_custom_HMM	No_custom_HMM	No_custom_HMM	2742	PHANOTATE_1.5.1	CDS	#f35f49	endolysin	lysis	None	None	None	None	None	None	None	None	None	None	None	None	None	None	None	None	None	None	None	11
YSJKSCWX_CDS_0058	42756	42890	+	MN270258	-2.2807239099908347	No_PHROG	No_PHROG	No_PHROG	No_PHROG	No_PHROG	No_PHROGs_HMM	No_PHROGs_HMM	No_PHROGs_HMM	No_custom_HMM	No_custom_HMM	No_custom_HMM	No_PHROG	PHANOTATE_1.5.1	CDS	None	hypothetical protein	unknown function	None	None	None	None	None	None	None	None	None	None	None	None	None	None	None	None	None	None	None	11
YSJKSCWX_CDS_0059	42963	44204	+	MN270258	-6637380070.119711	95	343.0	0.475	3.699e-106	p77578 VI_00064	95	460.420532	2.13270810702208e-137	No_custom_HMM	No_custom_HMM	No_custom_HMM	95	PHANOTATE_1.5.1	CDS	#fea328	integrase	integration and excision	None	None	None	None	None	None	None	None	None	None	None	None	None	None	None	None	None	None	None	11
YSJKSCWX_CDS_0060	44071	45459	+	MN270258	-7747550798.4668255	95	419.0	0.559	1.527e-132	p77578 VI_00064	95	495.979156	3.6877738942277436e-148	No_custom_HMM	No_custom_HMM	No_custom_HMM	95	PHANOTATE_1.5.1	CDS	#fea328	integrase	integration and excision	None	None	None	None	None	None	None	None	None	None	None	None	None	None	None	None	None	None	None	11
YSJKSCWX_CDS_0061	45478	45675	+	MN270258	-2.1768897772395075	26285	42.0	0.438	3.417e-06	p682 VI_01291	26285	40.099487	4.371947307066558e-10	No_custom_HMM	No_custom_HMM	No_custom_HMM	26285	PHANOTATE_1.5.1	CDS	#c9c9c9	hypothetical protein	unknown function	None	None	None	None	None	None	None	None	None	None	None	None	None	None	None	None	None	None	None	11
YSJKSCWX_CDS_0062	45727	46101	+	MN270258	-1867.276190828063	24764	147.0	0.625	6.143999999999999e-44	p734 VI_01291	24764	140.504684	5.372731982572789e-41	No_custom_HMM	No_custom_HMM	No_custom_HMM	24764	PHANOTATE_1.5.1	CDS	#c9c9c9	hypothetical protein	unknown function	None	None	None	None	None	None	None	None	None	None	None	None	None	None	None	None	None	None	None	11
YSJKSCWX_CDS_0063	46073	46162	+	MN270258	-0.0821754471120721	No_PHROG	No_PHROG	No_PHROG	No_PHROG	No_PHROG	No_PHROGs_HMM	No_PHROGs_HMM	No_PHROGs_HMM	No_custom_HMM	No_custom_HMM	No_custom_HMM	No_PHROG	PHANOTATE_1.5.1	CDS	None	hypothetical protein	unknown function	None	None	None	None	None	None	None	None	None	None	None	None	None	None	None	None	None	None	None	11
YSJKSCWX_CDS_0064	46276	46368	+	MN270258	-0.0652436157586728	No_PHROG	No_PHROG	No_PHROG	No_PHROG	No_PHROG	No_PHROGs_HMM	No_PHROGs_HMM	No_PHROGs_HMM	No_custom_HMM	No_custom_HMM	No_custom_HMM	No_PHROG	PHANOTATE_1.5.1	CDS	None	hypothetical protein	unknown function	None	None	None	None	None	None	None	None	None	None	None	None	None	None	None	None	None	None	None	11
YSJKSCWX_CDS_0065	46393	46494	+	MN270258	-0.1411568248685906	No_PHROG	No_PHROG	No_PHROG	No_PHROG	No_PHROG	No_PHROGs_HMM	No_PHROGs_HMM	No_PHROGs_HMM	No_custom_HMM	No_custom_HMM	No_custom_HMM	No_PHROG	PHANOTATE_1.5.1	CDS	None	hypothetical protein	unknown function	None	None	None	None	None	None	None	None	None	None	None	None	None	None	None	None	None	None	None	11
YSJKSCWX_CDS_0066	46491	48410	+	MN270258	-3.3014295156724966e+17	6880	1150.0	0.867	0.0	KY065497_p30	6880	856.415771	1.8235310209621756e-257	No_custom_HMM	No_custom_HMM	No_custom_HMM	6880	PHANOTATE_1.5.1	CDS	#838383	translation elongation factor	other	None	None	None	None	None	None	None	gb|AAA23033.2|ARO:3000190|tet(O) [Campylobacter jejuni] 	1279.0	0.952	0.0	Campylobacter jejuni	ARO:3000190	tet(O)	AAA23033.2	M18896.2	tetracycline-resistant ribosomal protection protein	tetracycline antibiotic	antibiotic target protection	11
YSJKSCWX_CDS_0067	48462	48635	+	MN270258	-3.789291224451748	No_PHROG	No_PHROG	No_PHROG	No_PHROG	No_PHROG	No_PHROGs_HMM	No_PHROGs_HMM	No_PHROGs_HMM	No_custom_HMM	No_custom_HMM	No_custom_HMM	No_PHROG	PHANOTATE_1.5.1	CDS	None	hypothetical protein	unknown function	None	None	None	None	None	None	None	None	None	None	None	None	None	None	None	None	None	None	None	11
YSJKSCWX_CDS_0068	48697	48792	+	MN270258	-0.4356269517798398	No_PHROG	No_PHROG	No_PHROG	No_PHROG	No_PHROG	No_PHROGs_HMM	No_PHROGs_HMM	No_PHROGs_HMM	No_custom_HMM	No_custom_HMM	No_custom_HMM	No_PHROG	PHANOTATE_1.5.1	CDS	None	hypothetical protein	unknown function	None	None	None	None	None	None	None	None	None	None	None	None	None	None	None	None	None	None	None	11
YSJKSCWX_CDS_0069	48860	49897	+	MN270258	-45823.49446366538	25593	44.0	0.26	4.137e-07	p270852 VI_10200	25593	70.583321	2.524897185283805e-19	No_custom_HMM	No_custom_HMM	No_custom_HMM	25593	PHANOTATE_1.5.1	CDS	#c9c9c9	hypothetical protein	unknown function	None	None	None	None	None	None	None	None	None	None	None	None	None	None	None	None	None	None	None	11
YSJKSCWX_CDS_0070	49852	50415	+	MN270258	-705401.4663938304	No_PHROG	No_PHROG	No_PHROG	No_PHROG	No_PHROG	No_PHROGs_HMM	No_PHROGs_HMM	No_PHROGs_HMM	No_custom_HMM	No_custom_HMM	No_custom_HMM	No_PHROG	PHANOTATE_1.5.1	CDS	None	hypothetical protein	unknown function	None	None	None	None	None	None	None	gb|AAY32951.1|ARO:3002837|lnuC [Streptococcus agalactiae] 	346.0	0.991	3.41e-112	Streptococcus agalactiae	ARO:3002837	lnuC	AAY32951.1	AY928180.1	lincosamide nucleotidyltransferase (LNU)	lincosamide antibiotic	antibiotic inactivation	11
YSJKSCWX_CDS_0071	50576	50707	+	MN270258	-0.5548848783526971	No_PHROG	No_PHROG	No_PHROG	No_PHROG	No_PHROG	No_PHROGs_HMM	No_PHROGs_HMM	No_PHROGs_HMM	No_custom_HMM	No_custom_HMM	No_custom_HMM	No_PHROG	PHANOTATE_1.5.1	CDS	None	hypothetical protein	unknown function	None	None	None	None	None	None	None	None	None	None	None	None	None	None	None	None	None	None	None	11
YSJKSCWX_CDS_0072	50826	51743	+	MN270258	-5038093.725023257	30333	130.0	0.327	4.0270000000000006e-36	p76161 VI_12486	30333	181.749924	3.4211156533852916e-53	No_custom_HMM	No_custom_HMM	No_custom_HMM	30333	PHANOTATE_1.5.1	CDS	#c9c9c9	hypothetical protein	unknown function	None	None	None	None	None	None	None	None	None	None	None	None	None	None	None	None	None	None	None	11
YSJKSCWX_CDS_0073	51912	51808	-	MN270258	-1.6477162393490752	No_PHROG	No_PHROG	No_PHROG	No_PHROG	No_PHROG	No_PHROGs_HMM	No_PHROGs_HMM	No_PHROGs_HMM	No_custom_HMM	No_custom_HMM	No_custom_HMM	No_PHROG	PHANOTATE_1.5.1	CDS	None	hypothetical protein	unknown function	None	None	None	None	None	None	None	None	None	None	None	None	None	None	None	None	None	None	None	11
YSJKSCWX_CDS_0074	51969	52571	+	MN270258	-6065.786428906823	No_PHROG	No_PHROG	No_PHROG	No_PHROG	No_PHROG	No_PHROGs_HMM	No_PHROGs_HMM	No_PHROGs_HMM	No_custom_HMM	No_custom_HMM	No_custom_HMM	No_PHROG	PHANOTATE_1.5.1	CDS	None	hypothetical protein	unknown function	None	None	None	None	None	None	None	None	None	None	None	None	None	None	None	None	None	None	None	11
YSJKSCWX_CDS_0075	52659	52826	+	MN270258	-3.3080187585295566	No_PHROG	No_PHROG	No_PHROG	No_PHROG	No_PHROG	No_PHROGs_HMM	No_PHROGs_HMM	No_PHROGs_HMM	No_custom_HMM	No_custom_HMM	No_custom_HMM	No_PHROG	PHANOTATE_1.5.1	CDS	None	hypothetical protein	unknown function	None	None	None	None	None	None	None	None	None	None	None	None	None	None	None	None	None	None	None	11
YSJKSCWX_CDS_0076	52903	53070	+	MN270258	-244.7065717667912	No_PHROG	No_PHROG	No_PHROG	No_PHROG	No_PHROG	No_PHROGs_HMM	No_PHROGs_HMM	No_PHROGs_HMM	No_custom_HMM	No_custom_HMM	No_custom_HMM	No_PHROG	PHANOTATE_1.5.1	CDS	None	hypothetical protein	unknown function	None	None	None	None	None	None	None	None	None	None	None	None	None	None	None	None	None	None	None	11
YSJKSCWX_CDS_0077	53073	53891	+	MN270258	-11525655.645119384	25487	44.0	0.323	3.963e-08	NC_028748_p32	7882	82.370461	8.16361459103222e-23	No_custom_HMM	No_custom_HMM	No_custom_HMM	25487	PHANOTATE_1.5.1	CDS	#ffdf59	replication protein	DNA, RNA and nucleotide metabolism	None	None	None	None	None	None	None	None	None	None	None	None	None	None	None	None	None	None	None	11
YSJKSCWX_CDS_0078	54040	55395	+	MN270258	-767525704.5931399	116	206.0	0.543	7.924e-62	p321505 VI_05690	116	366.301636	6.681245589906239e-109	No_custom_HMM	No_custom_HMM	No_custom_HMM	116	PHANOTATE_1.5.1	CDS	#838383	DNA methyltransferase	other	None	None	None	None	None	None	None	None	None	None	None	None	None	None	None	None	None	None	None	11
YSJKSCWX_CDS_0079	55370	55807	+	MN270258	-4029.1051133918654	No_PHROG	No_PHROG	No_PHROG	No_PHROG	No_PHROG	No_PHROGs_HMM	No_PHROGs_HMM	No_PHROGs_HMM	No_custom_HMM	No_custom_HMM	No_custom_HMM	No_PHROG	PHANOTATE_1.5.1	CDS	None	hypothetical protein	unknown function	None	None	None	None	None	None	None	None	None	None	None	None	None	None	None	None	None	None	None	11
YSJKSCWX_CDS_0080	55818	56201	+	MN270258	-2007.757344790556	No_PHROG	No_PHROG	No_PHROG	No_PHROG	No_PHROG	No_PHROGs_HMM	No_PHROGs_HMM	No_PHROGs_HMM	No_custom_HMM	No_custom_HMM	No_custom_HMM	No_PHROG	PHANOTATE_1.5.1	CDS	None	hypothetical protein	unknown function	None	None	None	None	None	None	None	None	None	None	None	None	None	None	None	None	None	None	None	11
YSJKSCWX_CDS_0081	56210	56443	+	MN270258	-491.49976942548994	No_PHROG	No_PHROG	No_PHROG	No_PHROG	No_PHROG	No_PHROGs_HMM	No_PHROGs_HMM	No_PHROGs_HMM	No_custom_HMM	No_custom_HMM	No_custom_HMM	No_PHROG	PHANOTATE_1.5.1	CDS	None	hypothetical protein	unknown function	None	None	None	None	None	None	None	None	None	None	None	None	None	None	None	None	None	None	None	11
YSJKSCWX_CDS_0082	56446	57030	+	MN270258	-18902.22989597238	No_PHROG	No_PHROG	No_PHROG	No_PHROG	No_PHROG	No_PHROGs_HMM	No_PHROGs_HMM	No_PHROGs_HMM	No_custom_HMM	No_custom_HMM	No_custom_HMM	No_PHROG	PHANOTATE_1.5.1	CDS	None	hypothetical protein	unknown function	None	None	None	None	None	None	None	None	None	None	None	None	None	None	None	None	None	None	None	11
YSJKSCWX_CDS_0083	57108	57596	+	MN270258	-52397.21090923082	No_PHROG	No_PHROG	No_PHROG	No_PHROG	No_PHROG	No_PHROGs_HMM	No_PHROGs_HMM	No_PHROGs_HMM	No_custom_HMM	No_custom_HMM	No_custom_HMM	No_PHROG	PHANOTATE_1.5.1	CDS	None	hypothetical protein	unknown function	None	None	None	None	None	None	None	None	None	None	None	None	None	None	None	None	None	None	None	11
YSJKSCWX_CDS_0084	57596	59413	+	MN270258	-13916648583548.43	No_PHROG	No_PHROG	No_PHROG	No_PHROG	No_PHROG	No_PHROGs_HMM	No_PHROGs_HMM	No_PHROGs_HMM	No_custom_HMM	No_custom_HMM	No_custom_HMM	No_PHROG	PHANOTATE_1.5.1	CDS	None	hypothetical protein	unknown function	None	None	None	None	None	None	None	None	None	None	None	None	None	None	None	None	None	None	None	11
YSJKSCWX_CDS_0085	59431	59673	+	MN270258	-40.22409337732066	No_PHROG	No_PHROG	No_PHROG	No_PHROG	No_PHROG	No_PHROGs_HMM	No_PHROGs_HMM	No_PHROGs_HMM	No_custom_HMM	No_custom_HMM	No_custom_HMM	No_PHROG	PHANOTATE_1.5.1	CDS	None	hypothetical protein	unknown function	None	None	None	None	None	None	None	None	None	None	None	None	None	None	None	None	None	None	None	11
YSJKSCWX_CDS_0086	59692	60546	+	MN270258	-77095.77346361792	No_PHROG	No_PHROG	No_PHROG	No_PHROG	No_PHROG	No_PHROGs_HMM	No_PHROGs_HMM	No_PHROGs_HMM	No_custom_HMM	No_custom_HMM	No_custom_HMM	No_PHROG	PHANOTATE_1.5.1	CDS	None	hypothetical protein	unknown function	None	None	None	None	None	None	None	None	None	None	None	None	None	None	None	None	None	None	None	11
YSJKSCWX_CDS_0087	60608	60961	+	MN270258	-208.19298081443483	No_PHROG	No_PHROG	No_PHROG	No_PHROG	No_PHROG	No_PHROGs_HMM	No_PHROGs_HMM	No_PHROGs_HMM	No_custom_HMM	No_custom_HMM	No_custom_HMM	No_PHROG	PHANOTATE_1.5.1	CDS	None	hypothetical protein	unknown function	None	None	None	None	None	None	None	None	None	None	None	None	None	None	None	None	None	None	None	11
YSJKSCWX_CDS_0088	60939	63269	+	MN270258	-2.938529574466503e+17	No_PHROG	No_PHROG	No_PHROG	No_PHROG	No_PHROG	No_PHROGs_HMM	No_PHROGs_HMM	No_PHROGs_HMM	No_custom_HMM	No_custom_HMM	No_custom_HMM	No_PHROG	PHANOTATE_1.5.1	CDS	None	hypothetical protein	unknown function	None	None	None	None	None	None	None	None	None	None	None	None	None	None	None	None	None	None	None	11
YSJKSCWX_CDS_0089	63271	66072	+	MN270258	-9.097036811078795e+19	28649	47.0	0.294	7.368e-08	p125536 VI_05380	11037	48.226917	1.7151534727382388e-12	No_custom_HMM	No_custom_HMM	No_custom_HMM	28649	PHANOTATE_1.5.1	CDS	#c9c9c9	hypothetical protein	unknown function	None	None	None	None	None	None	None	None	None	None	None	None	None	None	None	None	None	None	None	11
YSJKSCWX_CDS_0090	66210	67220	+	MN270258	-3333191270.0700774	2158	54.0	0.207	2.81e-10	KY389063_p2	2158	85.315025	8.817716360335215e-24	No_custom_HMM	No_custom_HMM	No_custom_HMM	2158	PHANOTATE_1.5.1	CDS	#ff59f5	abortive infection resistance protein	moron, auxiliary metabolic gene and host takeover	None	None	None	None	None	None	None	None	None	None	None	None	None	None	None	None	None	None	None	11
YSJKSCWX_CDS_0091	67331	67618	+	MN270258	-11.544291858276631	28649	42.0	0.366	1.601e-06	p125536 VI_05380	28649	27.112103	4.087334867245988e-06	No_custom_HMM	No_custom_HMM	No_custom_HMM	28649	PHANOTATE_1.5.1	CDS	#c9c9c9	hypothetical protein	unknown function	None	None	None	None	None	None	None	None	None	None	None	None	None	None	None	None	None	None	None	11
YSJKSCWX_CDS_0092	68525	67680	-	MN270258	-75205461.52673137	No_PHROG	No_PHROG	No_PHROG	No_PHROG	No_PHROG	No_PHROGs_HMM	No_PHROGs_HMM	No_PHROGs_HMM	No_custom_HMM	No_custom_HMM	No_custom_HMM	No_PHROG	PHANOTATE_1.5.1	CDS	None	hypothetical protein	unknown function	None	None	None	None	None	None	None	None	None	None	None	None	None	None	None	None	None	None	None	11
YSJKSCWX_CDS_0093	69112	68522	-	MN270258	-2783977.317733479	No_PHROG	No_PHROG	No_PHROG	No_PHROG	No_PHROG	No_PHROGs_HMM	No_PHROGs_HMM	No_PHROGs_HMM	No_custom_HMM	No_custom_HMM	No_custom_HMM	No_PHROG	PHANOTATE_1.5.1	CDS	None	hypothetical protein	unknown function	None	None	None	None	None	None	None	None	None	None	None	None	None	None	None	None	None	None	None	11
YSJKSCWX_CDS_0094	69199	69408	+	MN270258	-2.281122919932041	No_PHROG	No_PHROG	No_PHROG	No_PHROG	No_PHROG	No_PHROGs_HMM	No_PHROGs_HMM	No_PHROGs_HMM	No_custom_HMM	No_custom_HMM	No_custom_HMM	No_PHROG	PHANOTATE_1.5.1	CDS	None	hypothetical protein	unknown function	None	None	None	None	None	None	None	None	None	None	None	None	None	None	None	None	None	None	None	11
YSJKSCWX_CDS_0095	69392	74287	+	MN270258	-7.474045056447109e+36	No_PHROG	No_PHROG	No_PHROG	No_PHROG	No_PHROG	No_PHROGs_HMM	No_PHROGs_HMM	No_PHROGs_HMM	No_custom_HMM	No_custom_HMM	No_custom_HMM	No_PHROG	PHANOTATE_1.5.1	CDS	None	hypothetical protein	unknown function	VFG005366(gb|YP_001198331) (SSU05_0965) agglutinin receptor [Agglutinin receptor (VF1044) - Adherence (VFC0001)] [Streptococcus suis 05ZYH33] 	3066.0	0.902	0.0	Streptococcus suis 05ZYH33	SSU05_0965	agglutinin receptor	None	None	None	None	None	None	None	None	None	None	None	None	11
YSJKSCWX_CDS_0096	74288	74479	+	MN270258	-151.69421502245	No_PHROG	No_PHROG	No_PHROG	No_PHROG	No_PHROG	No_PHROGs_HMM	No_PHROGs_HMM	No_PHROGs_HMM	No_custom_HMM	No_custom_HMM	No_custom_HMM	No_PHROG	PHANOTATE_1.5.1	CDS	None	hypothetical protein	unknown function	None	None	None	None	None	None	None	None	None	None	None	None	None	None	None	None	None	None	None	11
YSJKSCWX_CDS_0097	74463	75014	+	MN270258	-228649.00245165965	No_PHROG	No_PHROG	No_PHROG	No_PHROG	No_PHROG	No_PHROGs_HMM	No_PHROGs_HMM	No_PHROGs_HMM	No_custom_HMM	No_custom_HMM	No_custom_HMM	No_PHROG	PHANOTATE_1.5.1	CDS	None	hypothetical protein	unknown function	None	None	None	None	None	None	None	None	None	None	None	None	None	None	None	None	None	None	None	11
YSJKSCWX_CDS_0098	75063	80525	+	MN270258	-2.764666865573867e+46	10089	374.0	0.218	2.7379999999999997e-105	p120769 VI_04205	10089	848.342041	3.1111745005876094e-254	No_custom_HMM	No_custom_HMM	No_custom_HMM	10089	PHANOTATE_1.5.1	CDS	#ff59f5	DarB-like antirestriction	moron, auxiliary metabolic gene and host takeover	None	None	None	None	None	None	None	None	None	None	None	None	None	None	None	None	None	None	None	11
YSJKSCWX_CDS_0099	80624	80472	-	MN270258	-1.3200400005852753	No_PHROG	No_PHROG	No_PHROG	No_PHROG	No_PHROG	No_PHROGs_HMM	No_PHROGs_HMM	No_PHROGs_HMM	No_custom_HMM	No_custom_HMM	No_custom_HMM	No_PHROG	PHANOTATE_1.5.1	CDS	None	hypothetical protein	unknown function	None	None	None	None	None	None	None	None	None	None	None	None	None	None	None	None	None	None	None	11
YSJKSCWX_CDS_0100	80970	80722	-	MN270258	-1.8610938843677456	No_PHROG	No_PHROG	No_PHROG	No_PHROG	No_PHROG	No_PHROGs_HMM	No_PHROGs_HMM	No_PHROGs_HMM	No_custom_HMM	No_custom_HMM	No_custom_HMM	No_PHROG	PHANOTATE_1.5.1	CDS	None	hypothetical protein	unknown function	None	None	None	None	None	None	None	None	None	None	None	None	None	None	None	None	None	None	None	11
YSJKSCWX_CDS_0101	81023	82801	+	MN270258	-2186130431635088.8	1423	226.0	0.398	1.841e-66	p68421 VI_04962	1423	312.309723	1.5794953005011107e-92	No_custom_HMM	No_custom_HMM	No_custom_HMM	1423	PHANOTATE_1.5.1	CDS	#ffdf59	Reverse transcriptase	DNA, RNA and nucleotide metabolism	None	None	None	None	None	None	None	None	None	None	None	None	None	None	None	None	None	None	None	11
YSJKSCWX_CDS_0102	82939	84282	+	MN270258	-90013289854.83644	10089	225.0	0.4	2.636e-60	p120769 VI_04205	10089	315.140717	1.3291632931510768e-93	No_custom_HMM	No_custom_HMM	No_custom_HMM	10089	PHANOTATE_1.5.1	CDS	#ff59f5	DarB-like antirestriction	moron, auxiliary metabolic gene and host takeover	None	None	None	None	None	None	None	None	None	None	None	None	None	None	None	None	None	None	None	11
YSJKSCWX_CDS_0103	84353	84652	+	MN270258	-1426.5458786353213	No_PHROG	No_PHROG	No_PHROG	No_PHROG	No_PHROG	No_PHROGs_HMM	No_PHROGs_HMM	No_PHROGs_HMM	No_custom_HMM	No_custom_HMM	No_custom_HMM	No_PHROG	PHANOTATE_1.5.1	CDS	None	hypothetical protein	unknown function	None	None	None	None	None	None	None	None	None	None	None	None	None	None	None	None	None	None	None	11
YSJKSCWX_CDS_0104	84666	84956	+	MN270258	-170.71776355391873	No_PHROG	No_PHROG	No_PHROG	No_PHROG	No_PHROG	No_PHROGs_HMM	No_PHROGs_HMM	No_PHROGs_HMM	No_custom_HMM	No_custom_HMM	No_custom_HMM	No_PHROG	PHANOTATE_1.5.1	CDS	None	hypothetical protein	unknown function	None	None	None	None	None	None	None	None	None	None	None	None	None	None	None	None	None	None	None	11
YSJKSCWX_CDS_0105	85052	85690	+	MN270258	-120501.23126301852	No_PHROG	No_PHROG	No_PHROG	No_PHROG	No_PHROG	No_PHROGs_HMM	No_PHROGs_HMM	No_PHROGs_HMM	No_custom_HMM	No_custom_HMM	No_custom_HMM	No_PHROG	PHANOTATE_1.5.1	CDS	None	hypothetical protein	unknown function	None	None	None	None	None	None	None	None	None	None	None	None	None	None	None	None	None	None	None	11
YSJKSCWX_CDS_0106	85730	86806	+	MN270258	-8234125141.077894	No_PHROG	No_PHROG	No_PHROG	No_PHROG	No_PHROG	6444	35.871376	7.755649316248093e-09	No_custom_HMM	No_custom_HMM	No_custom_HMM	6444	PHANOTATE_1.5.1	CDS	#ffdf59	DNA primase	DNA, RNA and nucleotide metabolism	None	None	None	None	None	None	None	None	None	None	None	None	None	None	None	None	None	None	None	11
YSJKSCWX_CDS_0107	86860	87087	+	MN270258	-501.0006819810576	No_PHROG	No_PHROG	No_PHROG	No_PHROG	No_PHROG	No_PHROGs_HMM	No_PHROGs_HMM	No_PHROGs_HMM	No_custom_HMM	No_custom_HMM	No_custom_HMM	No_PHROG	PHANOTATE_1.5.1	CDS	None	hypothetical protein	unknown function	None	None	None	None	None	None	None	None	None	None	None	None	None	None	None	None	None	None	None	11
YSJKSCWX_CDS_0108	87084	87473	+	MN270258	-8384.396053831277	No_PHROG	No_PHROG	No_PHROG	No_PHROG	No_PHROG	No_PHROGs_HMM	No_PHROGs_HMM	No_PHROGs_HMM	No_custom_HMM	No_custom_HMM	No_custom_HMM	No_PHROG	PHANOTATE_1.5.1	CDS	None	hypothetical protein	unknown function	None	None	None	None	None	None	None	None	None	None	None	None	None	None	None	None	None	None	None	11
YSJKSCWX_CDS_0109	87523	87813	+	MN270258	-3591.758562863112	No_PHROG	No_PHROG	No_PHROG	No_PHROG	No_PHROG	No_PHROGs_HMM	No_PHROGs_HMM	No_PHROGs_HMM	No_custom_HMM	No_custom_HMM	No_custom_HMM	No_PHROG	PHANOTATE_1.5.1	CDS	None	hypothetical protein	unknown function	None	None	None	None	None	None	None	None	None	None	None	None	None	None	None	None	None	None	None	11
YSJKSCWX_CDS_0110	87883	88359	+	MN270258	-31567.843055892008	3	50.0	0.411	4.661e-11	p29899 VI_00998	8	59.276516	8.749198634776193e-16	No_custom_HMM	No_custom_HMM	No_custom_HMM	3	PHANOTATE_1.5.1	CDS	#a861e3	transcriptional repressor	transcription regulation	None	None	None	None	None	None	None	None	None	None	None	None	None	None	None	None	None	None	None	11
YSJKSCWX_CDS_0111	88359	89141	+	MN270258	-2286932.2849549046	25145	111.0	0.359	4.8389999999999995e-29	p25365 VI_11780	25145	144.481689	7.939876167470015e-42	No_custom_HMM	No_custom_HMM	No_custom_HMM	25145	PHANOTATE_1.5.1	CDS	#c9c9c9	hypothetical protein	unknown function	None	None	None	None	None	None	None	None	None	None	None	None	None	None	None	None	None	None	None	11
YSJKSCWX_CDS_0112	89138	90367	+	MN270258	-5708141418703.056	9581	70.0	0.284	6.561e-15	p250485 VI_02803	9581	93.349884	3.4189393241158535e-26	No_custom_HMM	No_custom_HMM	No_custom_HMM	9581	PHANOTATE_1.5.1	CDS	#c9c9c9	hypothetical protein	unknown function	None	None	None	None	None	None	None	None	None	None	None	None	None	None	None	None	None	None	None	11
YSJKSCWX_CDS_0113	90357	91976	+	MN270258	-286065444310431.5	7035	50.0	0.363	1.078e-08	p63435 VI_01633	7035	90.401642	1.9105979479205718e-25	No_custom_HMM	No_custom_HMM	No_custom_HMM	7035	PHANOTATE_1.5.1	CDS	#c9c9c9	hypothetical protein	unknown function	None	None	None	None	None	None	None	None	None	None	None	None	None	None	None	None	None	None	None	11
YSJKSCWX_CDS_0114	92103	92363	+	MN270258	-0.2229734173379269	No_PHROG	No_PHROG	No_PHROG	No_PHROG	No_PHROG	No_PHROGs_HMM	No_PHROGs_HMM	No_PHROGs_HMM	No_custom_HMM	No_custom_HMM	No_custom_HMM	No_PHROG	PHANOTATE_1.5.1	CDS	None	hypothetical protein	unknown function	None	None	None	None	None	None	None	None	None	None	None	None	None	None	None	None	None	None	None	11
YSJKSCWX_CDS_0115	92360	92722	+	MN270258	-2858.3338320501807	No_PHROG	No_PHROG	No_PHROG	No_PHROG	No_PHROG	No_PHROGs_HMM	No_PHROGs_HMM	No_PHROGs_HMM	No_custom_HMM	No_custom_HMM	No_custom_HMM	No_PHROG	PHANOTATE_1.5.1	CDS	None	hypothetical protein	unknown function	None	None	None	None	None	None	None	None	None	None	None	None	None	None	None	None	None	None	None	11
YSJKSCWX_CDS_0116	92725	93090	+	MN270258	-9145.267627265	No_PHROG	No_PHROG	No_PHROG	No_PHROG	No_PHROG	No_PHROGs_HMM	No_PHROGs_HMM	No_PHROGs_HMM	No_custom_HMM	No_custom_HMM	No_custom_HMM	No_PHROG	PHANOTATE_1.5.1	CDS	None	hypothetical protein	unknown function	None	None	None	None	None	None	None	None	None	None	None	None	None	None	None	None	None	None	None	11
YSJKSCWX_CDS_0117	93077	94960	+	MN270258	-1.1526132822230702e+18	26285	77.0	0.313	3.869e-17	p682 VI_01291	26285	87.282387	2.1368532954244e-24	No_custom_HMM	No_custom_HMM	No_custom_HMM	26285	PHANOTATE_1.5.1	CDS	#c9c9c9	hypothetical protein	unknown function	None	None	None	None	None	None	None	None	None	None	None	None	None	None	None	None	None	None	None	11
YSJKSCWX_CDS_0118	95057	96430	+	MN270258	-15910835339688.217	3677	47.0	0.284	3.065e-08	KY554771_p100	3677	161.929779	3.364304887774846e-47	No_custom_HMM	No_custom_HMM	No_custom_HMM	3677	PHANOTATE_1.5.1	CDS	#838383	protease	other	None	None	None	None	None	None	None	None	None	None	None	None	None	None	None	None	None	None	None	11
YSJKSCWX_CDS_0119	96471	97169	+	MN270258	-12670807.694693727	731	112.0	0.395	2.6780000000000003e-30	p399702 VI_01090	731	200.809875	3.6560261447749913e-59	No_custom_HMM	No_custom_HMM	No_custom_HMM	731	PHANOTATE_1.5.1	CDS	#c9c9c9	hypothetical protein	unknown function	None	None	None	None	None	None	None	None	None	None	None	None	None	None	None	None	None	None	None	11
YSJKSCWX_CDS_0120	97147	98490	+	MN270258	-182937502167062.4	857	52.0	0.242	2.672e-09	p280816 VI_02251	857	125.459999	6.990137085855972e-36	No_custom_HMM	No_custom_HMM	No_custom_HMM	857	PHANOTATE_1.5.1	CDS	#c9c9c9	hypothetical protein	unknown function	None	None	None	None	None	None	None	None	None	None	None	None	None	None	None	None	None	None	None	11
YSJKSCWX_CDS_0121	98580	98717	+	MN270258	-0.4178413655026918	No_PHROG	No_PHROG	No_PHROG	No_PHROG	No_PHROG	No_PHROGs_HMM	No_PHROGs_HMM	No_PHROGs_HMM	No_custom_HMM	No_custom_HMM	No_custom_HMM	No_PHROG	PHANOTATE_1.5.1	CDS	None	hypothetical protein	unknown function	None	None	None	None	None	None	None	None	None	None	None	None	None	None	None	None	None	None	None	11
YSJKSCWX_CDS_0122	98680	99381	+	MN270258	-267802739.03832263	293	150.0	0.409	9.574e-43	p21813 VI_04201	293	226.774948	9.80969650562428e-67	No_custom_HMM	No_custom_HMM	No_custom_HMM	293	PHANOTATE_1.5.1	CDS	#ff59f5	ABC transporter	moron, auxiliary metabolic gene and host takeover	None	None	None	None	None	None	None	None	None	None	None	None	None	None	None	None	None	None	None	11
YSJKSCWX_CDS_0123	99374	100111	+	MN270258	-34033.223907186846	No_PHROG	No_PHROG	No_PHROG	No_PHROG	No_PHROG	No_PHROGs_HMM	No_PHROGs_HMM	No_PHROGs_HMM	No_custom_HMM	No_custom_HMM	No_custom_HMM	No_PHROG	PHANOTATE_1.5.1	CDS	None	hypothetical protein	unknown function	None	None	None	None	None	None	None	None	None	None	None	None	None	None	None	None	None	None	None	11
YSJKSCWX_CDS_0124	100089	100775	+	MN270258	-28425618.20863196	No_PHROG	No_PHROG	No_PHROG	No_PHROG	No_PHROG	No_PHROGs_HMM	No_PHROGs_HMM	No_PHROGs_HMM	No_custom_HMM	No_custom_HMM	No_custom_HMM	No_PHROG	PHANOTATE_1.5.1	CDS	None	hypothetical protein	unknown function	None	None	None	None	None	None	None	None	None	None	None	None	None	None	None	None	None	None	None	11
YSJKSCWX_CDS_0125	100836	101552	+	MN270258	-54121837.92913386	No_PHROG	No_PHROG	No_PHROG	No_PHROG	No_PHROG	No_PHROGs_HMM	No_PHROGs_HMM	No_PHROGs_HMM	No_custom_HMM	No_custom_HMM	No_custom_HMM	No_PHROG	PHANOTATE_1.5.1	CDS	None	hypothetical protein	unknown function	None	None	None	None	None	None	None	None	None	None	None	None	None	None	None	None	None	None	None	11
YSJKSCWX_CDS_0126	101711	101604	-	MN270258	-0.3490817117287838	No_PHROG	No_PHROG	No_PHROG	No_PHROG	No_PHROG	No_PHROGs_HMM	No_PHROGs_HMM	No_PHROGs_HMM	No_custom_HMM	No_custom_HMM	No_custom_HMM	No_PHROG	PHANOTATE_1.5.1	CDS	None	hypothetical protein	unknown function	None	None	None	None	None	None	None	None	None	None	None	None	None	None	None	None	None	None	None	11
YSJKSCWX_CDS_0127	101820	102224	+	MN270258	-41354.41138895458	13787	44.0	0.24	9.78e-08	p93169 VI_01256	13787	66.770531	5.241082264710038e-18	No_custom_HMM	No_custom_HMM	No_custom_HMM	13787	PHANOTATE_1.5.1	CDS	#c9c9c9	hypothetical protein	unknown function	None	None	None	None	None	None	None	None	None	None	None	None	None	None	None	None	None	None	None	11
YSJKSCWX_CDS_0128	102480	102373	-	MN270258	-4.498441210684673	No_PHROG	No_PHROG	No_PHROG	No_PHROG	No_PHROG	No_PHROGs_HMM	No_PHROGs_HMM	No_PHROGs_HMM	No_custom_HMM	No_custom_HMM	No_custom_HMM	No_PHROG	PHANOTATE_1.5.1	CDS	None	hypothetical protein	unknown function	None	None	None	None	None	None	None	None	None	None	None	None	None	None	None	None	None	None	None	11
YSJKSCWX_CDS_0129	102547	102675	+	MN270258	-1.1063566219973513	No_PHROG	No_PHROG	No_PHROG	No_PHROG	No_PHROG	No_PHROGs_HMM	No_PHROGs_HMM	No_PHROGs_HMM	No_custom_HMM	No_custom_HMM	No_custom_HMM	No_PHROG	PHANOTATE_1.5.1	CDS	None	hypothetical protein	unknown function	None	None	None	None	None	None	None	None	None	None	None	None	None	None	None	None	None	None	None	11
YSJKSCWX_CDS_0130	102729	104483	+	MN270258	-4.321342457602216e+18	95	359.0	0.497	7.301e-112	p77578 VI_00064	95	461.665833	8.954246509931961e-138	No_custom_HMM	No_custom_HMM	No_custom_HMM	95	PHANOTATE_1.5.1	CDS	#fea328	integrase	integration and excision	None	None	None	None	None	None	None	None	None	None	None	None	None	None	None	None	None	None	None	11
YSJKSCWX_CDS_0131	104543	104668	+	MN270258	-0.2878207592942319	No_PHROG	No_PHROG	No_PHROG	No_PHROG	No_PHROG	No_PHROGs_HMM	No_PHROGs_HMM	No_PHROGs_HMM	No_custom_HMM	No_custom_HMM	No_custom_HMM	No_PHROG	PHANOTATE_1.5.1	CDS	None	hypothetical protein	unknown function	None	None	None	None	None	None	None	None	None	None	None	None	None	None	None	None	None	None	None	11
YSJKSCWX_CDS_0132	105049	104726	-	MN270258	-317.0733836495681	27318	158.0	0.733	3.8329999999999995e-45	p25620 VI_05410	27318	133.522446	1.7041516763078656e-38	No_custom_HMM	No_custom_HMM	No_custom_HMM	27318	PHANOTATE_1.5.1	CDS	#c9c9c9	hypothetical protein	unknown function	None	None	None	None	None	None	None	None	None	None	None	None	None	None	None	None	None	None	None	11
YSJKSCWX_CDS_0133	105188	105078	-	MN270258	-1.5191992951785176	No_PHROG	No_PHROG	No_PHROG	No_PHROG	No_PHROG	No_PHROGs_HMM	No_PHROGs_HMM	No_PHROGs_HMM	No_custom_HMM	No_custom_HMM	No_custom_HMM	No_PHROG	PHANOTATE_1.5.1	CDS	None	hypothetical protein	unknown function	None	None	None	None	None	None	None	None	None	None	None	None	None	None	None	None	None	None	None	11
YSJKSCWX_CDS_0134	105277	105702	+	MN270258	-56518.91645019073	3142	43.0	0.236	4.27e-07	NC_025441_p76	3142	82.990547	3.099046876888761e-23	No_custom_HMM	No_custom_HMM	No_custom_HMM	3142	PHANOTATE_1.5.1	CDS	#ff59f5	FabG-like 3-oxoacyl-(acyl-carrier-protein) reductase	moron, auxiliary metabolic gene and host takeover	None	None	None	None	None	None	None	None	None	None	None	None	None	None	None	None	None	None	None	11
YSJKSCWX_CDS_0135	105753	106034	+	MN270258	-684.855341818486	No_PHROG	No_PHROG	No_PHROG	No_PHROG	No_PHROG	No_PHROGs_HMM	No_PHROGs_HMM	No_PHROGs_HMM	No_custom_HMM	No_custom_HMM	No_custom_HMM	No_PHROG	PHANOTATE_1.5.1	CDS	None	hypothetical protein	unknown function	None	None	None	None	None	None	None	None	None	None	None	None	None	None	None	None	None	None	None	11
YSJKSCWX_CDS_0136	106122	106283	+	MN270258	-3.605149212445194	No_PHROG	No_PHROG	No_PHROG	No_PHROG	No_PHROG	No_PHROGs_HMM	No_PHROGs_HMM	No_PHROGs_HMM	No_custom_HMM	No_custom_HMM	No_custom_HMM	No_PHROG	PHANOTATE_1.5.1	CDS	None	hypothetical protein	unknown function	None	None	None	None	None	None	None	None	None	None	None	None	None	None	None	None	None	None	None	11
YSJKSCWX_CDS_0137	106252	106455	+	MN270258	-28.589023556515897	No_PHROG	No_PHROG	No_PHROG	No_PHROG	No_PHROG	No_PHROGs_HMM	No_PHROGs_HMM	No_PHROGs_HMM	No_custom_HMM	No_custom_HMM	No_custom_HMM	No_PHROG	PHANOTATE_1.5.1	CDS	None	hypothetical protein	unknown function	None	None	None	None	None	None	None	None	None	None	None	None	None	None	None	None	None	None	None	11
YSJKSCWX_CDS_0138	106514	106642	+	MN270258	-0.3828652048371734	No_PHROG	No_PHROG	No_PHROG	No_PHROG	No_PHROG	No_PHROGs_HMM	No_PHROGs_HMM	No_PHROGs_HMM	No_custom_HMM	No_custom_HMM	No_custom_HMM	No_PHROG	PHANOTATE_1.5.1	CDS	None	hypothetical protein	unknown function	None	None	None	None	None	None	None	None	None	None	None	None	None	None	None	None	None	None	None	11
YSJKSCWX_CDS_0139	106748	106617	-	MN270258	-3.0660293927051816	No_PHROG	No_PHROG	No_PHROG	No_PHROG	No_PHROG	No_PHROGs_HMM	No_PHROGs_HMM	No_PHROGs_HMM	No_custom_HMM	No_custom_HMM	No_custom_HMM	No_PHROG	PHANOTATE_1.5.1	CDS	None	hypothetical protein	unknown function	None	None	None	None	None	None	None	None	None	None	None	None	None	None	None	None	None	None	None	11
YSJKSCWX_CDS_0140	106832	106984	+	MN270258	-110.27528873356512	No_PHROG	No_PHROG	No_PHROG	No_PHROG	No_PHROG	No_PHROGs_HMM	No_PHROGs_HMM	No_PHROGs_HMM	No_custom_HMM	No_custom_HMM	No_custom_HMM	No_PHROG	PHANOTATE_1.5.1	CDS	None	hypothetical protein	unknown function	None	None	None	None	None	None	None	None	None	None	None	None	None	None	None	None	None	None	None	11
YSJKSCWX_CDS_0141	107018	107380	+	MN270258	-248.1686768008888	No_PHROG	No_PHROG	No_PHROG	No_PHROG	No_PHROG	No_PHROGs_HMM	No_PHROGs_HMM	No_PHROGs_HMM	No_custom_HMM	No_custom_HMM	No_custom_HMM	No_PHROG	PHANOTATE_1.5.1	CDS	None	hypothetical protein	unknown function	None	None	None	None	None	None	None	None	None	None	None	None	None	None	None	None	None	None	None	11
YSJKSCWX_CDS_0142	107413	108303	+	MN270258	-31085792.867618226	No_PHROG	No_PHROG	No_PHROG	No_PHROG	No_PHROG	No_PHROGs_HMM	No_PHROGs_HMM	No_PHROGs_HMM	No_custom_HMM	No_custom_HMM	No_custom_HMM	No_PHROG	PHANOTATE_1.5.1	CDS	None	hypothetical protein	unknown function	None	None	None	None	None	None	None	None	None	None	None	None	None	None	None	None	None	None	None	11
YSJKSCWX_CDS_0143	108432	109151	+	MN270258	-1234492.8206862628	No_PHROG	No_PHROG	No_PHROG	No_PHROG	No_PHROG	No_PHROGs_HMM	No_PHROGs_HMM	No_PHROGs_HMM	No_custom_HMM	No_custom_HMM	No_custom_HMM	No_PHROG	PHANOTATE_1.5.1	CDS	None	hypothetical protein	unknown function	None	None	None	None	None	None	None	None	None	None	None	None	None	None	None	None	None	None	None	11
YSJKSCWX_CDS_0144	109285	109383	+	MN270258	-0.4830226158696875	No_PHROG	No_PHROG	No_PHROG	No_PHROG	No_PHROG	No_PHROGs_HMM	No_PHROGs_HMM	No_PHROGs_HMM	No_custom_HMM	No_custom_HMM	No_custom_HMM	No_PHROG	PHANOTATE_1.5.1	CDS	None	hypothetical protein	unknown function	None	None	None	None	None	None	None	None	None	None	None	None	None	None	None	None	None	None	None	11
YSJKSCWX_CDS_0145	109415	109624	+	MN270258	-0.469276429937341	No_PHROG	No_PHROG	No_PHROG	No_PHROG	No_PHROG	No_PHROGs_HMM	No_PHROGs_HMM	No_PHROGs_HMM	No_custom_HMM	No_custom_HMM	No_custom_HMM	No_PHROG	PHANOTATE_1.5.1	CDS	None	hypothetical protein	unknown function	None	None	None	None	None	None	None	None	None	None	None	None	None	None	None	None	None	None	None	11
YSJKSCWX_CDS_0146	109903	109637	-	MN270258	-352.73414180420866	No_PHROG	No_PHROG	No_PHROG	No_PHROG	No_PHROG	No_PHROGs_HMM	No_PHROGs_HMM	No_PHROGs_HMM	No_custom_HMM	No_custom_HMM	No_custom_HMM	No_PHROG	PHANOTATE_1.5.1	CDS	None	hypothetical protein	unknown function	None	None	None	None	None	None	None	None	None	None	None	None	None	None	None	None	None	None	None	11
YSJKSCWX_CDS_0147	109876	109965	+	MN270258	-0.2294300847339413	No_PHROG	No_PHROG	No_PHROG	No_PHROG	No_PHROG	No_PHROGs_HMM	No_PHROGs_HMM	No_PHROGs_HMM	No_custom_HMM	No_custom_HMM	No_custom_HMM	No_PHROG	PHANOTATE_1.5.1	CDS	None	hypothetical protein	unknown function	None	None	None	None	None	None	None	None	None	None	None	None	None	None	None	None	None	None	None	11
YSJKSCWX_CDS_0148	110170	110361	+	MN270258	-136.9688891944949	151	52.0	0.453	1.1e-11	p268658 VI_04551	151	30.981888	1.934265151487105e-07	No_custom_HMM	No_custom_HMM	No_custom_HMM	151	PHANOTATE_1.5.1	CDS	#fea328	transposase	integration and excision	None	None	None	None	None	None	None	None	None	None	None	None	None	None	None	None	None	None	None	11
YSJKSCWX_CDS_0149	110496	110588	+	MN270258	-1.730370051224334	No_PHROG	No_PHROG	No_PHROG	No_PHROG	No_PHROG	No_PHROGs_HMM	No_PHROGs_HMM	No_PHROGs_HMM	No_custom_HMM	No_custom_HMM	No_custom_HMM	No_PHROG	PHANOTATE_1.5.1	CDS	None	hypothetical protein	unknown function	None	None	None	None	None	None	None	None	None	None	None	None	None	None	None	None	None	None	None	11
